x0,x1,x2,x3,x4,x5,x6,x7,x8,x9,x10,x11,x12,x13,x14,x15,x16,x17,x18,x19
9.67029839014,5.47232249176,9.72684359965,7.14815993674,6.97728824597,2.1608949558,9.76274454776,0.0623025520459,2.52982362383,4.34791532404,7.79382921794,1.976850746,8.62993235599,9.83400677175,1.63842241405,5.97333943933,0.0898609766755,3.86571282644,0.441600579315,9.56652967714
4.3614664688,9.48977306782,7.86305985935,8.66289298582,1.73165421496,0.749485870131,6.00742721378,1.67972183718,7.33380167511,4.08443860152,5.27908823418,9.37571583951,5.21696122445,1.08193382887,1.58223407185,5.45202651703,5.24404080068,6.37610244126,4.0149544359,6.49805109019
3.96900002902,6.23916113548,7.6740496709,1.78973910041,3.75575768588,5.02533059327,6.86667079916,2.53679648661,5.54740862943,6.24930844064,8.95501166056,3.62853588433,6.37557073019,1.91446402119,4.97794114617,1.82445404571,9.1838303914,4.31822071341,8.30188102098,4.16776304678
9.04667588743,4.04825217311,3.31174503091,5.72138770273,8.45443649094,8.61014311753,5.95688117068,0.846616110204,5.97266607319,2.45453708583,7.3259344859,8.94651292317,5.14733970913,6.0356351036,0.650678123828,5.40074729643,1.2918678367,6.1456284635,3.63650347045,7.67758034331
0.485341364196,1.09818118118,6.84023215124,5.14653697084,5.71641371615,8.43706993991,4.8773763915,8.10144422126,5.10243629295,9.2672069324,6.6692777154,1.48726839434,3.64553175326,8.65774915944,3.50285210856,1.89025759456,4.72621309166,3.92781174822,6.18929926644,4.3676629194
2.60922157294,4.12472211663,4.19034034552,9.02421855876,9.7961626204,6.23568839407,0.831841225709,7.32998717596,6.78685402479,8.26022867025,3.47451336711,0.588800941581,6.11821816455,1.24014618313,7.59529529163,7.94423317577,4.0862678675,9.43797505883,1.73779793755,9.42585849727
4.65489674818,7.62993641275,7.5282019548,9.81209919131,9.73277994129,0.400911246412,0.159712775316,5.43290315024,0.338776178984,6.57484635835,5.34902601664,6.665583961,4.41340704373,2.72471458724,9.49668939948,7.28269440193,0.0632393726548,0.993277648942,6.31692245125,2.88036826998
4.07621677292,7.81531123898,3.54145538179,9.25808597279,7.20452121425,5.51926440731,1.80964836025,4.09591389668,7.62881789843,9.90796818517,0.736523741206,1.34752607002,7.40044730002,8.33781369921,0.887728573902,8.29417949721,7.86732314435,6.88221273204,3.39926416482,4.44540664534
3.66336139252,8.40466064722,3.28322136881,3.22574976253,9.35290857234,9.19987347698,9.68674125377,8.07548953215,0.869156176428,0.909105516209,5.57082075265,8.56183770928,8.84197863975,6.36848672867,9.55804593984,1.51885601233,2.21580929981,3.32495166987,2.56804920882,3.1220503228
1.18445516334,3.75340143336,0.297739967327,5.37781666176,9.45828294675,4.4512519306,6.2415324433,6.11812348602,9.33379168081,7.34519053009,8.24820928206,3.35849409902,9.07464646428,1.85209234173,4.07982268894,7.37451973415,3.33456381764,8.86134231354,8.60655862136,1.651181204
2.30745941728,0.524348786864,8.58720848489,3.39224908224,3.93246728367,2.70365482238,1.23227888729,4.56939241762,2.34717053083,5.6315323493,2.02765047739,5.11387282136,9.48325883943,3.71833706363,9.54219089333,0.572059162556,5.48805118282,5.99797491189,9.61753317746,9.25185131228
5.10906129518,7.59486140165,9.75905281608,7.36500263963,9.53955973954,9.38893979319,4.817671614,6.5989423088,1.79849632918,4.37023472415,8.6612418884,5.77232070252,2.79453604191,1.22789252766,2.31855201818,1.24992564787,2.33780430228,3.8358001004,0.428985308836,8.38710696872
4.03810261707,5.67368964496,6.36134014764,1.32842006466,0.827076118129,1.56532212732,9.8622472333,1.04515241983,4.22655921466,8.75062347134,5.84275652709,0.175336713718,8.88702581036,3.84147663215,1.67730207754,3.37179830656,5.94148131874,0.377451800362,6.43308521315,6.10106400319
2.28793922117,4.26017760225,1.93514963465,0.213298395016,5.83919873947,4.45357044527,8.42056648042,1.99055653964,4.40599047161,6.67454532528,0.683346300171,3.55336628883,6.86036303144,2.45071897044,3.63977322466,5.77363698791,4.09435592277,8.76781502672,8.5988127806,8.33976892685
4.2627116669,1.90129995592,6.38863103144,4.28154981442,5.05807070778,6.51051558368,9.39941534535,8.08249726634,1.23216633249,9.0746220902,6.77067332709,3.19425195169,7.29992988551,4.74963919173,5.61032563815,5.71824693643,1.51489249245,3.61982118281,4.35734741244,0.57725099169
7.23732510749,3.26804769378,4.76852865831,9.48057805322,8.67968329128,2.73096176638,4.00271702788,5.71234203885,1.19481917765,7.96184378551,3.23751960082,1.15628653867,7.07199848509,5.14908238085,0.271004009604,5.62783613136,7.64208844448,0.310426680016,6.57587620705,2.50141911137
4.3527630819,0.721674200676,5.32228522915,9.38828908656,3.04815707693,0.635373790419,8.48226327334,9.47593565269,4.91070750592,9.08509484442,9.08640412569,7.34519179996,8.31327332151,1.62004233904,8.45539100416,4.15642324158,2.86687036392,5.61862269703,8.57493234824,4.33168653809
0.777687679258,2.87278280242,2.85310931933,6.97051437882,9.55065937673,5.50147427588,2.53612525767,7.03129880052,1.47727011673,0.616290939266,6.49007734064,3.7575232052,4.50807728832,0.739824467762,4.79687819567,6.06144213038,9.8251186795,0.214698892315,5.16746763882,4.86767113531
6.2514119478,8.53173433122,4.98032909113,5.72581167424,5.02554517783,7.96442033951,9.06935114048,3.22661013675,7.24397005938,6.54755948413,3.7328783215,8.03495999359,6.95053677217,4.9187326956,5.7192251029,9.48939431216,6.40170092974,6.34891124613,3.80639891635,7.81904488621
8.72383984206,3.09490977831,3.26411771138,6.73196472521,2.88854924354,0.817140255333,2.88099071622,6.97078557438,5.02665486165,5.80063494472,6.26237534397,5.3510427238,9.61303797053,8.10663408763,9.63382168468,6.93344490717,8.01714089569,7.51383452377,9.41097513939,3.40452624761
3.24421588442,0.119213280444,0.678081595834,9.61674586088,4.74927072347,1.21637635663,1.07884225695,5.17600123389,6.51501389122,8.34117342326,5.71445322896,3.33902553188,7.0080723029,1.87692718444,3.3279160328,1.20931260717,6.80689034279,5.3965165347,4.39474185201,2.30266182182
8.43691865264,3.96464726766,9.12299723191,2.71793417592,6.37252113299,7.37481668708,1.69273564643,1.82075007717,7.646564783,0.894156559204,4.78350527929,0.828235231105,9.63749442131,8.35199244655,2.32374302253,8.43418608571,7.47521879131,1.08446648883,2.66902296805,6.41844918338
7.07146628672,3.4362027074,1.28983781523,4.9486971817,7.63992047089,5.21120333081,1.94398904944,3.04341530163,7.5737639261,4.60700473007,7.65243396531,1.7601348448,6.84928848748,7.99581544484,8.87462340764,2.9832699589,9.12155342408,5.85683380933,2.9416705733,0.309569073595
6.64670964882,9.49401497567,5.74500012254,3.00281265691,3.29762131433,4.90671911958,9.83965715763,4.3054651176,3.87205883659,4.94535583392,2.21715710387,2.90745320172,8.10082267108,8.92875795227,3.70224128983,4.82097847048,9.03507702567,7.1341743299,4.57759202967,9.58118790554
8.85457908256,4.62536652295,1.93418974341,8.36056898341,8.97623587472,6.71956407964,8.05388518528,0.190188805008,6.20623487723,8.07020534635,2.8585677559,1.55371643093,8.90457838646,7.82339847262,3.58218046414,5.77670539348,2.27917494629,3.31314234774,6.86599284402,7.61185555024
8.79618435882,6.58899064901,7.99426310064,1.89556878257,7.19098493873,9.80859631801,9.08778259511,7.84287485924,8.929990301,4.5508290689,3.17729034171,6.3886447877,5.85487327293,0.40358095665,2.69905778627,5.84450684456,0.648993603351,0.627518130266,3.76375621366,1.21173806973
4.14717746977,6.74880719113,4.72234141641,0.185708945731,9.28514349545,2.50936189617,0.073890967289,4.42559655373,8.50604465076,9.33637304798,1.33188102352,0.690973008207,8.34702555026,8.44238725951,9.14882322916,7.90482123959,8.3637660618,8.17747724353,0.398094701248,1.76095180317
0.435819177939,0.00906670215289,9.76597006526,9.99364039635,5.55530282007,1.479855801,1.36174251286,9.1150611979,9.17741344846,5.84762333766,7.2230780561,5.99611246055,7.12946315215,9.78321435813,4.34807751943,0.77207472212,0.779094723057,6.5413686887,0.588851744685,1.08011028866
8.83060566781,9.38004047029,1.13537192572,2.20928857019,9.9066781307,9.19650214379,6.28193426732,4.73964084546,7.89852453874,4.87769946358,9.75669799058,7.68262193076,6.37051073895,1.12078813675,7.20394775535,1.17467656889,1.46311607708,8.62471122311,5.73372704716,5.62978638171
6.98428012251,8.45321375478,9.467695305,0.646222981058,0.401978425387,0.77559168982,9.77996175966,5.34090107323,3.75564919139,6.09263548006,1.21260535791,3.88789668511,2.96070860496,6.74828029512,1.56572669911,9.73046517692,0.411532296448,1.02920779436,1.65261048688,9.89819256866
2.58308780158,6.86963526849,6.78082516571,3.78509992494,2.98013100911,7.45307780142,0.820122154289,0.219420403082,4.05662888963,3.23218793507,0.707379839526,0.863034058262,5.0071608705,9.55101363491,6.99634382712,1.79930111859,3.58102798939,6.81073265134,0.774311458464,1.96668116154
0.695953149884,4.70947370041,5.45323456589,8.62997157273,0.318913947184,1.38138772031,2.77297495339,4.14086331824,3.04266247331,9.90526192979,3.5404171617,9.07702703203,9.93488850986,2.91944795505,1.54573402518,8.52894422911,0.14592964474,1.25486602247,1.9604592789,0.230484100197
6.35567631826,0.165035546858,2.7343138406,5.56887631487,6.71852470516,1.21913591103,5.39021078186,7.0947795883,0.461357661156,4.63205199885,3.70083439849,0.721876516211,5.81168187839,0.772555698468,6.84657572667,5.03168815604,8.64142839846,4.78194107655,8.52574927734,3.57665135971
4.77709221073,6.02082178462,6.91195648508,3.05406616443,0.488980727288,6.99004062552,7.59120061785,8.78801868345,6.07583826644,7.9786553858,1.82144514805,3.43117191688,3.98954261951,3.35698872933,3.2710156093,6.42983121955,8.34586018177,5.2585064752,7.29471450446,5.92074392084
7.05411367862,5.99642475,1.37948331395,8.60776860188,1.6813032969,2.75313903039,5.34512606607,6.77868452826,9.28496082753,1.46379452106,0.487046549209,6.13092427834,5.73529917838,7.29353802773,1.82684057526,7.83380931443,0.64166587604,1.29193533826,1.77865386142,0.87908710775
0.432054984823,6.47845783361,9.77157876072,4.19903127788,1.5158813561,2.95592270218,2.44398511392,7.1555380943,6.21879417526,6.11336071299,9.84652065136,2.75911321358,6.26146775539,3.96082761214,7.37250177488,3.61402247486,8.28772937685,2.76657051,6.92279503429,2.10140256611
7.60894145027,5.18574916989,2.36854082883,7.42492795191,1.16542614309,7.13031899327,7.65253018971,5.37315131109,5.3321076755,7.59212792549,5.66193177728,0.746297648791,0.738130825705,9.56017421803,4.93274891674,6.64270059163,3.64629353082,3.57515319768,6.84990170705,3.1078219412
1.01307704189,3.30621758634,1.18473028958,9.75998784297,8.49122236958,6.36645771849,0.723699026927,4.38206561817,8.94290916331,6.15922404828,3.92715644525,3.72892632941,1.76074208191,0.0304598246473,5.38605419147,6.66970954389,2.06898255222,5.8608360153,4.08068210837,1.15168763786
5.3242478882,8.29582421561,6.0284341869,3.96236653736,0.234308525459,2.55915320786,6.04610584499,6.86774967074,3.28371269499,2.01828362306,7.69885171842,0.909159799874,4.16127254553,6.15777772837,5.07090700547,0.547077928625,2.07912251219,1.73548487417,5.11611699199,2.05677139693
7.4951311964,0.853209808899,3.94852348415,8.82619288266,9.51487294971,3.11808931298,2.05333715224,0.205723034381,6.99193834962,0.725600359591,9.97265071406,3.00088208858,9.62674545508,7.23716603543,4.12435473673,3.21541972208,6.70996431595,9.30561425399,2.67060462987,6.45117810528
4.33893850568,0.385981759722,0.51115891367,0.455124464996,0.462309760529,3.0700906995,7.97532069081,9.43837540366,4.10956500824,7.75299968584,8.87336794436,2.56504871794,6.27491475682,9.53788002719,5.75777836334,7.22729558893,1.18270049056,4.07093206003,3.56988580096,7.80647064277
1.37329353105,7.66722974921,5.48367543518,6.40353983559,9.31899622654,7.66952435306,5.36653046281,2.73355527462,3.90359716433,2.3226175199,2.59238555267,6.48524903232,3.80203134872,9.71678003768,2.25203151313,7.08716211356,2.70372724871,8.771698393,5.11624006217,8.87889274693
8.88798206796,9.94112582787,7.64231714457,6.28184202939,4.83837242457,8.75492189209,4.88092306593,9.45039392353,7.48175375458,5.62927461662,2.65692552693,3.29195168655,1.55306406519,7.68009260039,6.67688860209,7.43318152609,4.67296177841,9.56205962047,1.60631429267,3.16844234001
4.55024622329,0.416764591607,7.20557244697,2.82167155145,2.31547107795,6.22334338573,8.53694957563,0.30695580625,5.22498375326,4.42944475217,9.83815861597,3.59019060319,1.00313540317,9.74370442344,4.60502345331,4.831814532,5.27001555389,2.53670627368,6.4887425795,7.1844309145
6.06826884282,5.87941916807,4.21289643539,6.51674907497,0.710354616919,3.65011311178,0.209739115601,5.74099752603,9.42584903623,9.31841550546,7.13447781371,5.3080180219,7.7934514132,2.33455728494,2.89648031316,3.41994205635,4.48292464895,8.8305819203,7.97578901737,5.14641787848
5.18689710513,1.77283187243,3.69739657001,6.8572859017,8.82526306987,6.07426126533,7.12007381351,7.91721107943,6.66003079045,8.33212575204,6.82419781665,8.70306966536,8.75522828228,9.18046831461,7.50906127824,0.105546311686,5.53642038766,0.94601310539,8.60266117072,4.66833036958
0.134110216712,3.5428992775,8.12093954689,8.06693935308,9.25348329823,6.25639485298,7.18206759401,0.987524272274,3.04698655599,1.10778156806,5.97624931093,4.51869490479,1.94149456755,7.02184306729,8.31194950343,1.66696154128,8.60871391354,2.94259928511,8.18082195685,6.25002304964
5.1631550967,4.40204534377,8.712789273,5.90666369537,7.94440214869,9.63629278572,1.74886388356,2.52442103705,6.37320747793,1.8138497199,1.48433131283,9.45208531824,8.90530038933,8.80760164243,2.54632462226,5.25367394659,4.87619610233,0.363494130061,0.340551428967,1.5669514601
4.00245298035,1.71099109233,0.447188241174,4.22689860181,7.69956594284,0.322248684547,6.10327452909,3.45498223902,9.72080531445,7.40020104177,8.8651430781,7.79892815334,6.40534960785,0.639017974065,4.25339288623,0.59860536282,9.43351365721,6.08590435439,1.81422692537,2.58558102777
3.42404380783,6.43862756749,2.83818867671,9.43950183121,2.78511095499,8.63438032353,5.46809487531,1.17287146919,3.49220877177,3.0635818881,9.91490299142,4.18808554193,6.32115551263,3.48293653684,8.42919424346,4.89707669255,5.19999818129,8.69198354329,2.15144547357,4.19331747165
6.82560175307,6.18485905481,6.75923059971,9.63652588066,2.60045435866,2.8663566571,8.44815582208,4.7171713069,0.0615428300259,8.95947765289,8.88746876164,3.83757980025,3.87416586197,9.65515095851,3.35454487621,1.23446763755,6.74527774539,2.61321535306,1.70452470644,6.78738175039
0.754767528141,9.91803994619,2.33603246568,3.64445811937,9.35471358593,6.20786520722,0.0960714202078,9.24387830872,3.28512416929,1.4033717102,2.55367041598,5.60112986899,7.6144775532,5.4248176253,4.83963169158,7.55814987229,9.31033041456,4.90033437901,0.961468649082,1.39420244696
9.33071350602,9.37919424889,7.31222872687,6.07961637557,8.75448059225,7.85994458352,7.24662164489,5.49366872647,7.23683494491,3.56297520288,8.56449013949,8.03520882219,5.47013433297,0.614810014455,4.05083671723,4.7028392198,1.75124883259,5.95583746826,0.340653128215,2.87412396924
1.49486907101,5.5141278667,1.35698951339,1.82117624503,9.55100722399,2.59493215949,5.21839232571,2.33174265114,0.244877866493,7.16211778864,3.65449263345,4.71637824479,0.146290765051,1.85332292875,5.55798644488,6.77092906255,6.44528952592,9.47551366944,3.62303993544,8.62046932194
7.50879069023,6.9809520019,8.43775106055,8.9103583832,6.9707516571,0.624145809827,1.89814047805,5.63351787625,5.55017099304,9.69374236817,5.6571403933,8.10527713017,6.31140879292,0.908609623548,3.58955319082,4.74478896229,1.47353797902,4.65895829152,5.87641232343,7.9731505034
6.5838528446,8.5064271005,8.59905060034,0.644299137809,9.27197003853,4.27987638222,6.27129314994,2.8418376756,2.92623666236,4.9295824429,9.44166534128,4.33478572703,9.62050174864,9.38885195859,7.80924304906,4.1918255139,3.88154059877,7.79954087338,4.0284137178,0.683513188409
8.67842254654,3.08935560434,6.69293062279,7.70951517582,6.93883992846,9.70264127477,5.09299920798,9.36141145235,0.461427407465,4.57220616662,5.37302588483,5.90817210447,2.26397702221,8.10020242465,8.95535809692,9.47959421336,3.67586396378,9.93094794344,3.84172734623,2.56010758998
7.10795615231,0.309719240795,2.01072370979,1.31742563399,3.21596988352,8.94366668781,1.32969456534,9.74626432764,7.55989598387,8.2208145599,4.74056221489,9.3527430669,6.04019517344,9.02866412046,3.29385532439,9.60239979574,9.79897988796,4.04054818198,1.63001363197,9.74254976669
2.41059176588,7.99725679237,9.41952075971,0.237759150937,7.26327955313,0.633190599369,5.23794361467,8.55720781097,0.80764732245,2.11963657283,7.8447310292,7.03726722612,7.61101032921,5.15779790179,2.73660465957,3.41670451712,7.17865268493,9.88127307966,3.09152773343,2.32080317385
3.21973864591,0.727925316468,1.75520873327,8.25528015636,1.12300545467,1.57111451475,8.39843421616,2.39028260054,9.44866832227,2.96435123276,1.81794285378,4.04067625321,0.0673875533333,4.22997130797,5.46326840988,9.77611442763,7.19530164199,3.85838948469,3.71057886335,4.16314100775
2.30964333117,1.71415676203,1.77017853537,7.89968505772,9.92826957765,5.11688306492,2.8420779829,5.91803341945,1.65278518101,5.64992886707,3.16586026407,7.64147256224,9.71682655041,9.83761179164,0.63605849121,2.00506197465,2.44123272352,9.6171626212,7.47254264518,1.63787614435
0.266383188851,3.43583845542,2.55615648952,8.39276462125,9.46375339975,2.62284200378,8.03225617937,3.14485520196,4.25422527625,0.00439003555646,6.41979685081,0.622662696897,4.92286422809,1.54213957221,8.59000908166,1.95596858616,4.60153353476,5.4597671571,3.76042825039,1.3493061446
2.05451765488,5.27497646126,0.852180429164,8.76361564623,8.20755771569,0.942804568998,0.790366951554,4.74741510207,0.354072234777,9.92861785225,0.990898030579,5.27871889789,5.05566074658,5.73981262663,3.87754048825,5.34001071681,4.13936646007,0.865276675063,1.16901379409,9.27717447248
4.08132013731,6.863883607,8.47750365595,1.1638601853,1.34288686225,6.51085078431,2.96426198261,4.85955743845,4.34089242482,3.36606400835,7.52061468082,7.4910657559,1.73048185033,4.50103710757,8.8895318587,9.4524133328,3.91762288815,8.39451681562,3.45616699217,1.40512817151
7.36853777957,4.63760451051,0.34392789869,4.78239078434,2.50215386563,4.27411164257,3.32551934149,7.14482354185,1.1108975298,5.45042881564,3.75859135802,4.54787746105,6.49596974012,5.05009969158,5.48130414394,7.10235864033,3.73581012887,7.30152624018,6.85281605171,3.17645504166
6.38772701338,4.56636056068,3.59161909181,6.73098740139,1.70915280162,1.6563123186,3.14324884636,8.73327694548,2.17084152097,4.94281584383,9.39030139673,0.400064304488,6.03134792083,6.88724443112,2.13624257363,9.71632150742,2.35632472451,5.12424280374,5.53605296002,5.02902484272
8.10298762381,6.02968537318,4.78419177025,3.47291121317,8.59933631367,4.22429032249,0.683263122323,1.63376664718,7.14340572894,2.5119371999,5.3087590371,8.70389918568,0.816800310674,1.59198282049,9.63350705216,9.22777014224,9.3922965669,3.27324607038,3.32085573066,3.92632572769
9.02282449514,1.41506197962,5.19097434731,2.63632355791,2.71121587308,0.731702606486,3.94153062038,0.57272479133,4.59380889477,7.07602701438,2.88702734066,3.40941525039,0.785589343202,9.49285646121,0.735798346092,7.69220617586,6.60761153356,1.74119671006,1.04340261121,2.5463089726
2.2597905013,4.49696340849,3.35145524246,1.65016162062,6.56518653275,0.596647653125,2.49193920923,7.70808433034,8.82289526534,7.93997291069,7.34642526699,1.49642765554,8.38843604622,0.581797375677,3.23606327423,5.92099957571,8.30822281529,8.384631213,2.12068787406,0.448529988761
2.43493679727,5.37574598178,9.28442044543,7.79982980749,4.08917688643,8.89312633009,3.16415354312,4.01056688651,9.3209801726,0.511369630013,2.14450339744,8.83380565955,6.18457801975,3.89920640432,6.23337237948,2.28063958204,4.07016482679,1.35772545079,2.91950659271,8.94096046208
4.76264892099,9.70617125408,6.11316875171,7.33616301472,2.07617814439,9.20236118311,1.52561935692,7.24668854003,7.06680693788,0.73910797456,5.91111229527,6.0275832069,8.44705085622,5.56454008781,8.99577024207,7.80033035304,0.41763241111,6.7368634201,5.39210570933,5.06855334057
8.37904794585,4.33496896869,5.42441299205,8.97245156002,3.29191621677,8.68930701921,0.00990001160997,2.09782062931,7.77699556698,5.36386693774,5.06727877471,7.55603014623,1.67990286569,4.70462188278,2.90314637588,8.40378640461,2.00671297911,0.031093271481,6.30994682818,1.03560386684
1.93629084222,5.01501756117,3.5911710141,6.03183266942,7.76172111288,9.75154502568,6.03929224172,3.21985450128,2.71308054839,4.59790231066,7.07514279385,7.42699492722,2.79238551553,0.592856648744,9.16240843414,5.84132541848,1.45034398154,4.49944501804,0.504715169297,3.92927811509
4.28552018189,2.78609033176,5.22012907633,1.30265646446,0.186130096587,9.58504788922,6.24157990431,8.16634182889,5.10045065059,5.68082559417,1.03425515345,5.49770861371,6.51739411713,8.8026452455,4.16617732525,2.94524982957,2.36360493202,8.37309086162,7.13349394508,9.25959565902
4.40932539635,5.80012880261,1.90609028695,4.57481867544,6.42788591806,4.32979312471,7.00721476944,8.11536097724,7.75935997139,9.56879827216,0.391893196539,2.06573114554,7.15811290479,0.496378202782,4.38901945674,6.1966485057,9.66594669272,8.73764652956,6.56995241638,6.82204768344
8.79743931653,1.34840434789,6.02336086602,1.12707100626,5.38399864803,0.595738182982,6.32488639535,8.75755106243,6.52693362637,7.45687698199,5.42561400999,3.87105610127,4.6410487675,4.84519914147,1.14178545252,2.57827757282,5.56122965456,6.11373300505,5.39447288951,9.08233130843
2.97445300181,8.01044870272,3.80203838552,8.20634670703,9.49776640542,3.17141383961,5.44264534193,4.89961688701,1.27559761838,0.00873947229094,1.00464491302,7.56365626048,0.509036169188,1.83927302752,2.91471036431,1.96026754695,9.59012322373,4.87235800115,4.20185085467,2.33111255441
5.37225315771,7.00122458902,0.203865635421,5.66560779607,8.27202013656,1.33524685098,6.27725749641,6.32045937267,1.65132561399,2.9749921379,1.90394493403,8.0380246554,7.08263747999,6.83339643297,3.61350707348,4.52332149805,4.78587913841,1.88699480654,5.88191755971,1.68356240863
5.93050744717,9.85542851761,0.71269347655,4.06261399993,3.28586688732,5.52542416375,6.24305980338,5.23306777807,5.02581246554,8.28518318608,8.80257310849,2.20827770213,7.48988756579,4.79202543765,1.90936708834,1.00487971076,3.5655217745,0.656967434596,6.41328488962,2.11011418419
6.02843963186,3.00530425053,2.16752979311,6.20101053458,2.42333707653,8.9502475346,2.41256629225,0.559728125543,2.27207032029,3.87932840085,4.00006171223,3.88162674263,5.04023202095,2.55867230979,6.13322295469,4.44864095311,8.33772245587,6.04584115969,7.20665722605,4.00960772938
9.85920803848,8.8730419727,8.39137152518,3.44937607516,8.86074078212,6.88138035565,3.21202330683,2.8033791822,0.699282406784,7.71271659344,6.65401460591,8.44292287791,0.28985206603,1.76892864678,7.95094725459,2.01458338161,0.47778416418,7.74911921275,0.479516023826,5.71814161675
9.78185363091,1.87222188417,4.65003822554,5.31041572695,0.595165507781,2.54224578585,8.73090325877,9.28451951214,0.315335450298,7.06568051884,8.84872699642,3.69989637945,6.77771612596,5.37313356782,7.82182006449,8.2414452231,7.17049220202,4.15206722055,2.78097412874,1.16406427625
0.273912965578,9.01261351406,8.84453040457,2.91407039079,4.49980018418,0.447236496282,2.91477146341,4.38721073086,6.47020957423,4.51387437926,6.87411192959,0.608590404602,9.26928480065,9.56264244695,4.76785673638,5.76986240217,7.62756169256,6.53365874836,6.85316122573,3.86348624861
2.7234367534,6.72258748087,9.89873851684,1.14510737437,1.56411379174,5.212521373,5.13443033886,5.17762105337,0.545041621826,5.13834804424,1.8132865575,6.26177824401,1.468663145,4.24314831553,9.00964940957,2.53413225702,8.88526246686,6.75263309248,8.34513795657,3.07472938371
9.67241618568,6.23670861214,5.08477515481,7.83857826972,7.04767705616,2.13553701078,5.32146543513,1.19157137201,3.34471684547,4.96055931396,3.69053733058,2.97186785265,6.37976045139,0.100323670608,8.69799814159,6.39636522961,6.28833253903,5.03995569855,2.94160567042,6.09372737555
2.03190285275,6.88830170747,3.56529111714,1.05623663052,8.49983145185,9.79556289936,8.90675850622,2.22684519761,7.61625514003,6.79688769533,8.16220030071,0.627071458563,5.76930891441,0.451870743959,3.2205678751,6.90837318846,6.99583351402,7.73351923062,8.20679554982,4.07041768635
8.63336551685,7.11908747249,4.86351765577,7.61803247209,3.71724883149,1.7853308406,6.96711360449,2.89423442409,1.47225501061,2.04017424082,7.88462652563,3.34529245641,0.369345794851,2.74708972934,8.92706256866,6.53463312182,0.0217740456493,8.42531678623,0.890300998851,6.27210937207
8.94936145268,1.48296039884,0.225169522497,9.91659273284,7.24176518514,3.27491518853,9.01714299457,3.25697123076,4.08763519243,1.6082456381,1.81099355458,2.9033867827,8.23894809535,7.10163593258,6.64782980983,4.78569756593,9.48051413151,7.90661400018,2.41860881508,4.93215110495
2.14142864989,6.10507722419,7.55082807874,1.01689355576,6.45094038233,8.03234744931,7.53119186791,3.53049789008,8.23889646948,5.6135479773,5.01814084458,8.2826445109,0.0309862540533,8.61291179594,7.66465295095,2.1726039548,1.24289890138,9.37915124215,0.999312498257,7.97686642496
0.908229465607,5.62482739055,3.33902672317,1.84054492539,0.560337567552,6.94011933521,8.04650085417,7.57405174915,1.57811861811,6.3896355681,3.73543841709,3.11278149993,6.65674489877,2.51560164874,3.03986450214,5.90454155967,3.25682386897,0.60257239445,3.62343646071,1.27910790138
3.19434552842,1.54957485185,9.84016956347,4.38838588029,7.36065412748,2.10210001231,3.38515510903,1.38396876083,9.11401977321,0.591762515402,1.20696335402,4.04299139062,1.36851389819,7.19079308029,6.75395053322,3.95276616719,6.83262500058,9.87635293115,1.76666883297,1.06666718173
1.15440729042,2.40905218731,4.88985224481,3.73420684132,4.27730701947,7.68353470733,8.82452407079,3.16002302925,7.49378972185,6.79818306798,3.290957811,9.06668439744,7.42143103089,1.7386514837,8.07049798875,8.2018224769,2.53060496454,1.63504671661,4.30998947357,7.62467160647
4.96933179619,9.57589516931,5.68958936672,2.84085931175,9.36996273208,0.0529282351868,6.67431950565,3.88683343737,1.32184649563,2.76576871905,9.93870298478,0.213734466513,7.2626916013,9.99294116772,3.32958311195,0.358620208743,2.0099608427,1.50488539789,8.80773679347,0.923033873327
5.44591813406,8.79838356316,5.37373841503,9.38138774288,1.89887115525,7.69999609228,3.80513938103,6.95003398943,4.10251733329,3.85881093909,3.88459589543,1.41016344274,3.96935945875,6.35005498392,2.08448460657,7.00218397147,6.14586465793,7.83348633045,9.34372887137,9.59020551149
4.64052568625,7.14711402972,7.71162643824,7.47110891299,3.77416282348,0.434267001955,0.974462808534,1.39791970935,7.90258157293,0.814525145442,2.05519536148,2.60903046857,2.24267690546,3.52771675728,0.300555336861,8.46431649254,4.20622099909,9.18922296689,4.90811585501,0.994062263278
1.0005039649,7.5394368977,0.502260583729,0.0293371129561,0.803289421715,1.65869378511,9.82160005731,7.45753688379,3.8966982175,8.67524827688,6.61399302597,5.06567258553,4.87282999379,0.434980315253,1.80076275946,5.57906706521,8.4796752199,2.75902490754,9.06041533002,1.78411012253
3.98680682689,7.15889517986,2.13338502422,8.6660183083,2.03088781591,3.84255189342,3.45717954183,5.25168846589,6.36413622246,9.3320684257,1.56881960675,8.41263833766,3.69980209929,3.91104832047,9.6727489178,5.70707838229,1.07813582104,5.49618573913,0.489041560611,9.44574898038
2.05203945693,9.57838169348,6.09007014087,5.40130951736,1.64601374326,3.4465865894,9.74510748496,1.66115767642,7.17520176476,4.47168560435,2.94554369988,1.6644092199,8.80492759995,9.53433790795,0.865717125139,2.52802672456,2.45436698511,8.39781394517,5.36285924375,1.61229046775
6.88923181067,5.00653817198,6.31308315648,5.87836987225,9.7634292239,5.52989217561,5.04862155185,9.71779190267,5.81036270212,2.71341957581,7.49499405281,5.31662077246,8.73505861309,0.867925528395,9.80757878879,8.93853299041,3.51402756651,8.17393014993,9.70573246644,8.92504923058
1.58721768423,6.12055611758,4.47591147933,8.45948385832,4.15479681443,4.48498092166,1.36925258334,8.74424284504,7.3802432281,8.12035682506,5.9924412616,4.59853814082,7.29622040248,4.13760248335,6.34509608085,0.880471025935,1.11720676441,9.8703787893,6.51012621346,4.58082570125
5.99119677888,8.7400489361,6.76316135125,9.45601001495,1.91800178425,5.44100371862,7.82066513325,5.89720287768,2.46593705456,3.62827719448,3.63808981619,3.02842037654,6.51071513149,8.45920953191,6.39026846879,3.66884182149,6.85901186074,0.257124434378,8.78560903556,2.77421334358
9.89279633485,2.03367151724,1.53170097852,3.82941260864,9.44442190829,9.60903100908,0.448389249513,6.4479535145,5.75653945624,9.87683107564,6.13249142762,1.86984245371,7.73214035807,9.51318470158,8.26291438526,1.91595333834,0.20984694102,7.19508625819,6.80528276351,8.46548489365
6.75295634763,5.93563147797,9.67649964923,7.54686997206,1.07996996681,3.06447440114,7.02232801401,2.87703766643,9.88472377977,0.697289083243,9.845850737,6.98428006752,7.11425405167,1.96330689043,3.69133558848,7.12268830324,3.66648325318,6.88350290467,5.07983591506,9.38413463429
4.87347693639,2.24683708316,4.63771790548,7.75226830471,6.65948167954,2.80455848869,2.75752990349,6.86816781528,1.79371670852,5.26871608028,9.75431067199,2.2436973759,9.41900144703,9.87951566923,8.44433192151,9.66280149678,6.10677697854,2.65653196301,7.18687356107,6.02901397807
3.8110667822,9.12827838268,3.10027496805,7.36212645479,0.497553637783,1.19257473093,6.16303728783,0.386584248647,3.27816413327,0.637132684254,8.05911050821,9.58832383824,7.48746647328,2.71046821745,6.29609716953,6.69290610948,6.81204975318,0.274239701321,5.7406485205,6.42812834975
2.68771086443,6.45589643233,2.10328886826,5.35159061502,5.71284980129,8.60450719174,0.396516653989,3.73135861984,4.33000054819,0.606399256782,8.48648769059,1.79714003499,3.97446632877,2.03634772318,4.14074318441,5.64596071177,2.0438029006,3.92163507378,9.89246014702,7.52060425594
8.77794109254,6.89491080087,1.40185685049,1.49902897196,1.29390250836,3.02268674128,8.82486184808,3.83977613467,3.52426389344,1.0763816091,1.779226238,9.32474395443,8.86177347547,0.789706927726,3.00176364643,6.99102986269,0.023678599227,3.43310140779,9.43853108724,1.37779382853
6.32799818104,2.46524365465,6.44340559158,7.49460232016,4.59561257653,5.90946332975,7.3693665698,1.32081822004,4.72960306484,3.76433394839,5.62120366414,6.01550411246,6.04152122719,4.49687928611,5.49343017659,7.73583381457,1.81509206575,9.05177925319,8.25761906686,2.54657085164
5.24587511918,7.94907907708,7.26393260008,1.75747571103,9.6461244318,8.63355256097,2.38208804743,5.76315751518,9.80743872971,0.403320635659,3.57838737229,3.0449686284,2.42090692698,6.64633341435,8.45796437702,1.60215473435,2.89427171969,2.9413458338,3.65292176431,1.22710640817
6.52951945311,4.13973811017,8.3305026622,6.53434812057,9.6067122965,1.49391905786,2.9782729259,2.96409021095,3.38930714851,2.94959000466,7.95436154584,6.60630361235,0.536518615911,0.935013876321,6.95333454932,7.50022495981,9.53820645899,8.28555196066,4.67503811342,3.5332716166
8.86524211727,6.88434159303,8.9474851951,2.24497348836,7.79316581642,9.98267669592,0.73188081453,2.57943806583,1.63923015158,6.9795743443,6.81031655009,0.977388961047,5.66125101202,9.88359292199,7.4487139725,9.47746999366,2.74213295891,8.2302092709,8.30695207845,1.07592916359
8.5904010845,5.73533840965,2.98020402741,1.30218489114,4.13860110527,8.14094412704,2.01660521913,7.24846497755,2.37512190315,3.56612782029,6.45506069345,3.2163113259,0.643860093764,4.21411463125,0.691298009053,0.558725710603,2.39645437297,9.35735774768,5.83107429396,8.94581726915
6.09091250752,9.65160105504,2.71889416897,6.23637705767,4.22773743913,2.36880425141,5.59977806663,9.95349709575,7.2925323057,1.45817185246,3.16847458975,9.5335822455,9.13887051141,9.42797505835,8.39209752271,4.59078003954,1.81955781194,4.29604249443,9.78932661328,0.438706602062
6.89707822364,2.80763812427,8.23260689875,1.4159100002,4.60248642866,9.82172098658,4.26622668432,0.738066359974,1.98488908711,7.05417471931,1.58566991346,9.10444009178,9.85087975897,6.20178954405,4.18025452956,1.8054911249,5.48730784771,9.80277278214,7.32817065575,3.44927084386
8.96735632223,1.18181747177,8.07925675428,2.6532209731,0.522201330128,7.91170785898,5.34681639569,9.64379637106,1.90321532858,0.106300215317,5.6174103318,5.34484174318,6.79533072392,8.23374530695,7.23212215528,9.93559049019,6.97090110814,9.47516520923,0.984115552046,9.85002111209
6.33303478631,2.7526987188,4.02166401168,4.67704454784,0.355024250218,6.30329156028,0.713219554558,1.04439213264,6.21410389504,2.79999596029,8.6074808392,5.70419773045,1.9387875461,1.40453000124,8.71226862056,6.2131422036,7.68169213994,9.97000580205,0.986156626542,8.99652174529
7.41089542142,5.29305563633,1.9151961281,1.36230563221,1.9820569457,2.61116522075,1.2904783937,9.0665145858,7.50432112123,0.351415461631,3.36497306656,3.65413581953,8.59213357067,2.14761788219,4.97701750544,7.70642826943,5.94919894043,3.09699899084,7.52948364807,2.31348772906
0.665508058632,6.67139802305,1.26920026088,2.4857220234,9.59363507772,8.7409719651,2.03670664965,7.60525002397,0.987856024819,3.05408553505,8.02041070206,2.44554051257,0.718293508681,0.107547883421,4.08594529865,8.27234182474,9.81476525437,6.59936918728,8.88011607961,5.66366229156
2.87650239623,8.42782734292,5.51037763767,9.17258895065,4.06937502804,1.88634477134,6.88806856569,1.80441381791,7.72102604514,7.13922893373,0.739657907495,3.23130453592,5.76021588837,0.157427563735,6.98013483651,1.15532422284,1.51038527405,0.623005030654,3.32816526809,5.88507287248
7.47264788256,7.4440078495,0.868284753462,9.16661893828,5.03816801585,4.9887092063,9.15265171546,0.661944112611,6.43610530609,8.77508763583,5.34053146206,2.27286054986,9.62713933234,5.50671691219,1.71684520722,3.48616033385,5.73873979832,1.43659577408,6.35663991827,0.97479471237
4.05961451957,5.92716598537,6.52249792332,4.80329653504,0.0224104996999,4.1038131341,7.13917490573,5.54513018677,7.66977451263,5.2611006558,7.04739821564,6.89304779726,8.37542625687,8.73942642396,6.73094763826,3.56157267192,0.307149753691,5.70579396247,2.80329655737,8.218752736
5.34653309501,1.40655954807,3.85717535574,8.50450402085,7.48904616607,6.13290483449,0.190391581038,3.68150259091,2.43562169029,1.83048001191,3.95755900621,4.95610788833,7.16594207595,5.21422655199,6.69535548361,9.68697468936,7.76233483125,2.08775456986,7.02338406382,4.6510954711
8.35597104387,7.73927747318,1.63205679665,8.19619364604,4.83684523892,4.08295084981,3.37225258483,5.5949670494,9.30270480083,9.95082787276,8.1570269985,8.26570350085,6.40935536393,9.32865595974,9.83665632816,3.22282464502,1.05364145416,7.65969903889,3.30539401736,6.43345635221
9.19328739537,9.10558833776,3.15680233683,2.86146624083,7.15421610619,2.11463669455,8.90753221154,3.69894436462,3.97715193458,2.09529005869,2.04306778753,0.823036889455,5.21464789202,0.764428231655,8.62954696792,8.29429046352,7.64835903452,3.5619008714,8.7945667431,3.33921831939
5.97510696769,6.24380218585,6.21919327449,4.08602295628,9.25398778878,3.79615353466,4.55886060657,9.96517094642,7.88965387308,9.31192957094,7.44388595716,0.315455186667,9.61523145789,5.7400672146,2.51380996229,7.22964359153,4.38223937459,2.78757143759,3.56567969871,2.98076406715
6.51172213757,7.98618725299,2.57323786622,2.08877527775,2.84307150466,0.23672537315,2.2738828018,1.68366230271,6.15854162699,0.236326714039,3.80344106006,8.83052303978,4.98604655806,2.91770340094,0.783175897554,3.25405965085,3.45369535718,5.60077351015,3.27724175498,2.65112269188
3.77872724374,6.85456943803,7.72145342315,1.33136441964,0.139902888037,8.08847569888,3.60036958124,5.02004767766,0.418031851441,5.23099977449,8.55878923032,9.22425497348,8.87486776748,6.4779780394,0.782280434179,5.7275204762,5.06390547073,3.97294485894,2.84641744893,0.190898718223
0.509620209526,8.23386540871,0.791781525454,2.11260538356,6.00750983592,9.93871004183,6.89627389121,9.27905608096,4.103669696,3.10933180667,5.05008508175,2.76432857299,6.04459231923,1.0107446302,2.67782380918,3.93331990191,5.97842891617,2.40241490524,1.92636192349,8.10495351267
3.81833717438,3.13924082375,1.08899989377,7.26042637435,7.1144073943,2.39503937362,7.4248240388,0.213203355313,1.14947352283,5.57901289422,5.99593833784,3.88404479786,1.74225175766,6.72345160012,0.511334450554,6.75275647212,6.62061757866,9.82291586413,4.73888184109,2.26223581575
5.9644080184,0.447682212197,7.35039623926,0.335034183042,5.91421082385,1.28423317966,0.107236260128,7.64769885808,1.27538110718,9.44982811279,9.52629349488,5.84816347666,7.25907885319,9.51774568007,0.890916676822,9.189081808,7.63758519692,3.56018982725,0.340206614231,9.10332216949
2.24439443082,0.496011829633,6.55226138447,4.85062022819,5.35044642776,9.90085732411,7.67108485239,3.04110092316,5.55757698907,6.93591811333,6.64223910979,0.374000746814,9.90593601347,0.199378134882,4.2623852389,7.74205885617,0.382779272768,5.48342238652,7.25785171719,8.77751759469
2.70013449927,0.415562672386,0.74993475174,9.4154140903,7.69245319218,8.93160090242,8.76292024161,2.13815901858,2.45128255342,4.54427380443,9.79427310019,1.03823194498,2.41450338078,7.23544142442,6.43280985271,8.78536520106,4.10936060877,9.26453950628,4.80475900238,3.21649032924
6.20467016501,3.26397015571,2.0449167196,0.021778638068,0.363804997382,8.43179217302,9.91877403177,1.81726254389,3.18641087251,5.49895391698,2.07465319935,0.622828804863,4.1633693857,9.50157273827,4.73732645493,4.09925190866,7.07807702804,1.06059118133,3.2395222283,5.05819808975
2.727047259,7.79498764987,1.27409034509,6.60986410509,4.62402332608,9.37229523876,0.529734854329,0.373711005736,3.14193923977,3.30763725865,7.63034277679,8.41124800809,8.19093121178,2.02725295813,4.59421054649,8.06400732275,6.49797236874,3.33495817582,9.66035453391,8.25542405209
3.40245960753,0.708198047838,5.88283992047,2.45220772539,1.01918775709,6.85405095649,1.27237694488,7.87201551372,2.87913406314,4.14712293615,5.59373618545,8.96881174807,6.02447613904,6.42835026748,8.63893141205,2.63392694099,5.60108787758,0.888866981932,5.3699000924,7.43167156296
1.60357701513,6.60074293779,1.98173388738,1.1645065584,9.66033143814,9.14308884615,1.77729787073,7.11610508987,0.0654498756434,6.14521818733,6.7025730676,4.38365737422,5.92871195023,6.62332204024,1.48907222999,2.69408323962,8.02812844054,4.45781643104,7.42219814132,7.6161510941
7.82459862695,6.38115469258,9.25936939352,3.77973586799,3.75047695402,3.37944155945,8.67822392778,2.65918639431,8.8007462443,3.22074905653,7.97029774047,7.28793301588,8.61813343862,3.44052336751,9.83071976448,2.59429163167,9.10255236437,2.62817713226,0.349406987157,8.43288049228
5.28079448647,3.89047081792,9.6406426964,0.274658058301,8.51924537452,0.87377988218,9.38608007927,5.01167603445,9.48365841351,1.29680661111,9.38676011904,4.46100386109,2.38571913201,7.86060792553,3.54528685627,4.85434511481,0.744364415574,7.46885811935,5.84667833811,8.32386654617
1.86048995527,4.22578743145,3.15046758513,8.89119622208,0.0938122577784,4.496300504,7.36017051049,1.28446963776,3.46046460418,7.72927665488,9.55574431435,6.27084827503,8.45095104902,3.69882369784,6.02286728657,9.38729904408,0.55213918319,4.12508905497,6.89667787735,2.15633370127
8.98992233793,3.01708107981,3.71654205101,1.89251844315,5.82848394913,6.36395995241,9.29419148409,1.21501800642,0.199574562538,0.708632337395,2.59964704962,0.0665038452859,8.7554172879,5.57614228123,8.11556295006,6.69683533707,3.47181558504,4.75400733013,4.96117219186,0.191490337456
9.20822231446,2.11069923282,0.114603193808,2.91037627718,8.53102626327,4.76948647052,6.52455066674,0.822839683848,6.7822630055,2.96522203346,6.66353149436,3.67532931594,2.58503430148,6.36613146859,6.84669032864,5.70955594195,9.10481267805,4.19889891905,8.33801595038,0.803757481005
9.80230840692,5.12521319262,6.80064170557,5.93596110783,4.7196207294,5.58711976743,4.34441424083,0.904583279038,1.26943910473,7.38342093754,8.8807760171,9.38787286514,3.58038037359,6.74994837443,8.86300702051,9.65817646204,1.6569642869,1.14071497443,9.80034302508,0.225306818005
9.28273767372,9.60576677977,1.08413140765,9.94303053863,5.4359039156,2.52734998074,5.55430505174,2.91006435523,0.828545891465,1.16536196066,2.51236469741,4.90417755666,7.50509067847,1.3397484912,7.00635129349,7.40801212256,8.94539949096,8.0738787085,4.696350699,0.2936431604
3.95927831056,9.91209920927,6.27438721882,4.3689410521,8.66171714801,3.27527401988,3.01405886131,7.36478166308,1.40542855392,8.85640555698,8.07739872169,6.91300020696,6.25022957158,7.27123268585,5.78330527784,6.21875655175,8.09459661009,2.12747693285,3.7730961488,4.30284901111
5.24596730183,7.06782870325,2.38641003865,0.646115622649,8.52627594398,1.72676279508,7.13561361982,0.445596306211,2.80093219775,6.25157129608,9.38687626203,8.8543502126,5.84978022754,8.37005533509,1.16287443889,9.22981396467,8.40492503183,6.70738825467,0.359736881124,1.80725698431
0.983673575789,6.68725387788,8.16552056112,9.5141356175,6.93256801189,3.8100352872,1.75351811332,8.31327697413,7.8249878401,2.03000108915,6.11130058455,7.2710833295,0.181034777969,4.21519529865,9.97183277367,5.87820132397,4.8196680597,5.1492084498,9.32989232441,9.78631564241
2.97136968349,1.04990067928,9.88514904755,2.44022236542,5.41964941519,1.22181670533,7.69236959445,9.82173471474,5.58745502279,7.9221405308,3.925600152,3.80094555306,3.05534870733,9.881241754,2.61721876295,0.227808448048,9.22084046546,3.76108812479,2.58613566786,7.55032155121
8.23261599953,0.871885550515,2.10655453199,7.93826792239,5.38703463393,3.34662559411,8.51561004708,4.27636263833,5.58836491022,1.82408901461,0.527990657433,5.62569259654,1.1862624621,8.93027554136,6.69650064355,0.0599275148154,6.06320143062,2.30423248581,7.8644949898,4.77489912859
7.32390568871,2.76721353066,5.52844893453,3.88119998974,6.02071582664,0.77540188863,7.97052843332,8.592195397,6.86711538317,1.96108966926,2.39567600128,0.180977712557,5.31380573185,9.67397750882,1.2066942671,6.02384309142,4.5742757749,0.0367891375599,4.17020317622,2.45195076925
1.63690329673,9.90138460606,8.08697717049,0.631222343386,1.16615169036,0.772304384122,4.21251381114,9.34883611204,9.0544879982,9.65209422587,1.60979393588,5.09277437853,2.75539521864,8.01274792698,1.84357279196,4.13005965951,2.6497399796,9.19544755007,6.81458862677,2.52376899205
0.104133904551,5.46091478561,3.56090008567,8.36955723624,6.46778947085,4.44507002085,8.59693431809,5.31495593009,2.97050058669,6.0935953347,0.725723034661,8.26239342599,5.82867559382,0.159709993722,6.7828093598,0.875420102779,0.495892921197,8.2843580515,3.57527847182,7.97250405615
0.283127637867,3.39395784632,0.369700961946,5.4719299136,2.0183310174,9.88099039658,2.65125927889,6.19552478318,2.69361096117,3.27066226862,7.48759826473,0.170706788165,9.12485528489,5.98818544859,7.22590036402,6.84790307848,4.85047846245,1.62113709959,4.38658448856,9.10897164611
8.10655115893,7.68425029517,0.468267618004,4.39147679985,7.78168546646,4.0949839342,0.61544178783,6.60308333063,7.87693022617,3.07875259756,6.41596878839,1.91292730273,5.04047317785,6.61268762703,3.51144738881,4.12458181697,2.51914703556,6.80510597288,7.1736870954,5.32757712623
3.40505190885,9.44664464634,1.03492322424,9.27449254965,9.05879934658,4.37523483432,3.13097005684,0.924698235431,7.15722392179,6.57831171794,8.21276640071,3.71841734394,2.15825339387,5.57884754605,7.0317512537,9.52198637549,8.87088765073,1.90440871575,4.91253269911,7.52640583571
7.25431554096,5.77499774744,2.56851923394,4.34787358097,3.43590430396,3.67130337793,9.35420599699,1.62978324623,6.90351560326,6.16459490384,7.46440497213,4.70289481157,8.72499164279,3.06907415958,1.72539238029,7.41933703165,9.16693283335,4.20032804956,4.81951404857,1.83096445758
2.4522598304,2.50757120011,0.933337002088,1.72689251623,1.92293592655,6.93828524107,5.80636507523,8.19728888848,2.43218352442,3.72210673646,9.27943958448,0.421197570645,7.80700962422,0.774707493154,6.78377719486,8.92217395669,6.43631876517,1.83418736902,7.54865591002,4.44598963507
0.363997139339,0.517891595888,1.77372788013,7.25261713912,7.91802812508,4.79964161007,7.80776997647,9.51067640872,3.8929213505,8.11161043205,3.80175094534,9.88810311057,0.904814862217,8.30081555613,6.28061034871,3.28878092167,6.41863092959,4.47972217833,3.91518116186,1.9061623929
5.40708444031,7.57802432309,9.49008067897,0.632130577591,6.93112681027,6.67246515934,4.40630906585,3.4845439499,7.39360389218,8.46684008367,1.84970072778,3.38049357856,9.49539510738,9.54591194321,9.23701738455,5.77857609619,9.15493159266,9.13246337289,2.20661739576,6.60959060359
8.03275053769,3.3307522471,6.46447712226,8.49790451714,8.44074992783,3.02866974245,2.92707615762,4.67823466038,4.19802541041,4.3792770167,8.89978776659,5.52219432378,7.64393828304,8.66553853998,0.221409227728,0.470768515675,6.86408459431,2.04509211673,3.24488077485,2.18434357759
7.56476826667,8.42823050523,4.6752581879,1.7630488302,2.27525241342,1.16478900907,2.71353654527,1.62688030851,1.1125411823,1.21991389429,1.43864851962,9.06960462084,8.47312774168,3.94979558977,4.94350312272,8.2716492661,8.62735649802,7.31739002938,9.92292071265,4.08981638417
1.87856002926,1.03023550558,7.72345035954,2.45361001555,1.85558229428,5.35553353962,7.68811894182,9.09335365467,1.88870083598,3.42041597435,2.80444474027,2.32947801735,4.82972365682,5.42116189884,7.63395552708,0.983825393573,0.603271202635,1.55343220734,0.754636467563,2.2066393762
2.73769373156,7.16984426022,0.243406238354,1.38708164368,4.71420895082,2.64595647141,4.40545676458,4.28521959384,5.45267234042,8.7541722779,3.8338869129,6.4742810893,8.30444499333,1.88947649704,5.75406247711,8.39411041924,1.57981421717,4.22842678078,2.83047584677,5.63319927753
6.42826588339,9.22298854622,5.80484224053,9.73970905825,5.81052362027,6.13959316754,3.87616992493,6.78766270502,2.02924865197,6.55152371372,8.66740978202,8.34259192586,8.92842737164,6.94348969868,5.97076142649,9.22806873572,9.8142148036,9.22232583401,0.949787191021,8.54621653952
2.15393953868,7.18615198925,7.2433992191,5.95451900038,7.43798704244,2.66911960496,8.27266402688,2.57735159974,7.29625019421,2.62473552177,8.2855039099,3.51564661795,6.8549725313,9.56171220939,1.72090911357,7.50541364793,4.44691303132,0.827473601558,9.15033157581,8.48733237576
2.53386104266,9.23561960818,1.10765337306,4.46672169456,5.94526836565,9.36122991368,9.90562571887,1.9169968444,6.64395238335,0.674862938801,5.49321866854,9.33889408512,8.07995794969,6.68821122213,5.0746230866,9.15056032026,5.21652200874,4.01973078841,4.56680689223,2.46170785634
8.72939326569,4.07428131447,1.44143952772,7.93646392181,9.28993286208,3.70722695762,1.10444867777,0.215264466206,0.564822715459,9.16699369923,5.92706456484,4.26996242233,8.49706131678,9.67810360079,6.16716280117,9.92743901055,0.297213482275,7.69762890025,2.61132711218,2.83525785525
6.04806580836,4.4530525641,5.07377788071,1.35964916142,6.29962928927,3.07024818618,1.96488640949,1.6481473644,6.57981598537,0.962843887042,7.87207710446,7.25248722419,1.40492874687,5.93694807243,2.12079182804,5.19374649197,5.40285350593,1.17033435835,0.145137130561,4.35602481377
2.7694202444,3.75623414264,3.04668395507,0.0110940285863,9.96125481647,6.84933034874,4.51756840506,0.634569953427,7.44694739816,0.561594156271,5.03899668787,0.681780531444,1.36337762987,0.900596969889,1.71239504177,1.89048804556,1.69155695523,4.97810849244,3.39247806978,9.9475049067
1.16085864767,0.807343671291,2.84854702846,3.39837591909,5.52296234979,7.1503100876,8.75494978187,8.78405244184,3.86157967439,5.08386480133,0.113655534979,8.31876648478,1.90363378872,0.173983739854,7.17640129219,4.07994551942,0.819549550486,2.14462182585,0.765633523688,5.18463558708
6.52770945718,5.43355478345,5.96651363675,0.272492188903,3.16089173136,0.807761730687,4.22606996465,4.33623893093,0.726777999698,8.37954142299,1.36734819418,5.74808920382,8.86164819003,9.19687596921,2.64139660175,2.24528344319,2.2326945259,2.46682244655,6.64137050683,2.32692715251
6.26826395095,0.756226376054,4.11965966967,6.38979801116,3.96939332414,7.57292898596,1.71046486697,8.21888030828,5.62018568007,5.26285217235,9.74339111513,9.40537189378,9.25627957553,7.00540119709,7.26095795018,4.85566162712,4.72545442994,3.89603037765,5.41954542512,0.0239917842797
9.5382204229,0.456934248534,6.06710491345,7.15177882581,7.38805310875,3.28895110068,4.26751344824,4.74761906381,1.85220361105,4.48345626323,0.23255296374,4.55721683845,0.689402255913,2.42136686422,0.232885663214,0.465449422512,5.89990773847,1.00207680358,2.63994739554,9.39962589626
6.58021569903,9.690665695,7.48272623527,1.71533370452,9.42509252355,8.67020181258,8.16508430384,0.462231790742,3.71921646058,1.8095799803,2.14526432455,6.6649605198,8.9183900562,7.16606062501,1.85166202618,8.33113215623,6.38424498687,8.91373119348,4.88701044048,4.48862894915
3.05815048714,0.155036919898,1.84927345511,4.54942803867,7.36368056456,2.5791846638,7.22023414402,0.79862065275,4.1258833159,6.21741704601,1.90934901734,3.86699839038,6.51247477652,2.05422339207,2.72053909936,5.41550455205,6.1273727929,7.94378245729,7.75432872661,8.69482375005
7.95730135714,9.31864536177,5.58500271638,9.92421817529,9.11346649482,3.59065230839,4.43875206519,6.31861890241,8.51085695721,7.98083821337,2.16873451294,5.86611612179,6.6649958732,0.175972954133,7.08573740094,0.505599316897,8.33109948786,9.95803102572,8.85067825628,2.93894187809
5.01451164234,8.12650456328,0.558603209886,5.30602843687,0.746934973991,6.30815780625,3.36256088049,8.03447392478,8.18500228216,3.50168433956,0.986453659325,0.285433775402,6.51115947707,5.37290894192,7.85499428206,0.84070432828,0.910213093483,6.02543220238,2.23646183269,7.01869841281
1.93799935156,1.81504115247,3.05015282113,4.27054876969,5.76087756231,9.55231199544,2.59009039625,8.27896063858,2.71624033296,7.39797184183,8.78262960305,0.792506342198,6.36332745213,6.58811715946,5.45995334242,4.47434923408,5.42242621838,9.07212025059,0.415864560062,4.28119316303
5.84657053133,6.16505367692,4.91018548271,1.62172035703,8.2587974964,8.04003704934,9.66721268207,1.84435890472,0.119869588751,8.77658551639,0.734974139268,7.85117777222,8.8877716211,8.81115569449,2.90209441734,9.69124992723,2.05203785581,0.592349169245,5.47870872673,1.60025504881
2.31895288106,6.88567214536,2.04551107933,0.535020723089,2.10163379931,5.31684776777,9.35249726528,5.09889598052,6.66941112035,8.67178877393,7.97119076469,8.60858358546,5.35870505807,6.03358229422,1.50373270273,0.45493505205,6.64890490376,5.32140689121,6.78224364785,2.53481309624
9.90731437592,1.78217576127,9.78210973554,2.42961463337,2.10686781967,8.15739425377,3.72503488634,4.98021274356,3.23814121798,6.3720524377,2.45702992576,1.03781869587,5.54898446461,6.06562831925,3.82603699243,7.58196472773,7.21337444337,4.37611182889,9.36525405368,8.75559101987
3.8608400035,0.660631185197,6.80247939356,4.49836773254,5.79543717655,0.479851432101,1.20637702442,2.96945031809,4.8465333652,2.72457571964,7.26998320315,4.64332068485,8.16676217021,9.44869714814,5.86282095817,5.06204583973,5.43738454021,7.89774872165,8.08206020642,6.3994963018
4.00711831728,7.97764824136,1.78216316705,7.38300967542,4.44788204987,9.29237420535,6.39848766451,0.423890151436,5.83151287161,2.37757927072,3.63022851533,3.12855852215,1.58889607431,1.01740749283,5.303893266,1.46917377472,7.16305887146,0.168040895861,5.64582940748,6.00087238678
9.32729360744,2.43391633172,2.12305488482,6.13547429584,7.77259974539,8.50036486913,9.20603863489,5.93862656966,8.09096794745,6.6444286465,1.56938669739,1.48808278118,7.20752062806,9.55915272744,4.11785343121,1.42584361092,4.86641314796,2.0948762185,2.7534736156,3.70786356308
6.88870420607,9.85133995708,1.50392711489,9.60063043802,4.06430278481,3.16250707365,9.7912289926,0.0314620175167,8.56487658377,6.18760616811,6.77506189148,7.05651628155,8.76014305054,4.37777620538,9.00741916801,6.97008546106,1.81806960869,3.88398417456,0.514137185969,4.34466148556
3.47656159775,1.79109055843,8.6996954587,4.9927042173,7.9581789621,8.41937663858,8.28973636131,8.03107269322,4.28503411911,8.69564875613,4.75271534288,8.08982307425,4.09211583306,5.06584224621,0.498213570955,1.69566342748,3.94972584831,6.26228078084,8.12534226443,9.28187818498
9.12518877038,5.25376594928,4.47624060524,9.22568763743,1.36312616746,0.655423421885,8.76241717495,6.03428267089,7.57219728375,3.83186705796,2.26879944884,6.74201418362,5.8675550331,8.97820740505,7.7912214664,9.5889825939,6.66083662262,6.34644366586,6.72899500587,8.65930810625
2.99046087064,2.25790792618,8.03849652879,2.05548657616,3.83586624988,6.82676995386,4.76591468316,3.7343583766,9.30831397709,3.91067449709,6.90843843384,5.42867149266,3.08594506642,5.12778763418,8.69307167904,0.422516896674,6.46874423157,0.851077848561,9.93875578943,6.95737763101
4.46528739934,3.5430345343,1.06177365082,3.90376452232,0.271940161938,1.73781939182,8.43770961683,5.05342154797,4.65606513671,3.57363903052,3.87575700888,6.54896254801,3.34582343594,2.97045163653,3.42292150006,6.33517808368,6.65692464603,8.46091601316,8.6912153256,5.32728255396
0.202106417659,9.42045231873,0.0763359469809,9.89189711722,2.11532334489,9.54755072795,6.7947231609,5.69258388924,6.10369695868,0.00388425165159,1.80692421518,8.9922331482,9.73010176519,3.84923979016,7.78424579938,3.55939802328,9.24983070201,2.73168289653,8.700407193,9.5748998478
1.39886194652,3.39407231183,1.61373651932,1.77652476434,4.53857924284,8.47033380684,9.72632235297,0.612897746912,6.41343276271,9.32806331437,3.74122816152,3.30933739715,9.14583217342,2.9488548568,0.870738596461,9.75832304248,5.6566903026,8.85111064893,3.61882192754,7.42992451882
4.68527786852,5.07663873043,0.96666894332,2.3039577679,0.29486986121,8.33590906611,9.38275067461,4.03987758537,7.13088650931,2.73848981589,1.70929581786,4.09573989016,9.81569717513,3.8118938009,7.16092675486,6.63396205652,4.73996246538,3.7006019982,6.98734770978,4.13192628708
0.298734410397,4.67448649367,0.220570954537,8.72955742827,3.73915038163,1.98220700938,6.97022861207,0.437448048968,9.20341220854,5.45137178286,8.2693860007,8.44586184421,9.55950637457,5.74984940246,0.971533029465,7.76161774532,0.897527419385,1.43185198671,4.5846292374,4.94791531034
1.4348851534,3.44289450116,1.56657649839,2.02640260461,9.71976607851,3.21642646077,3.922233999,2.00703742076,3.24944220884,2.47222714448,0.206760968084,6.49354959754,6.93565460548,4.3132252827,3.74168199043,4.57540350075,7.13689949586,2.47072450165,4.19623245921,7.15473687063
1.23808586396,3.11023984459,0.498392216089,4.60550350398,1.59350098913,3.41820227408,8.38684604189,2.03564344793,9.27960632586,0.555431861919,9.38789713776,0.709076690824,0.776330404356,4.66772282069,4.057055224,3.56401398823,3.60475587819,5.65700145888,3.17597356224,7.18363519444
9.11992533172,0.466183691611,2.77579857475,5.00873300225,1.21207378798,7.94269647646,6.71498899768,4.91978107441,5.39469369993,1.50601867979,4.54328563534,1.64820169515,6.46301062016,0.212407077971,1.28046111562,5.95500890273,2.09046925249,0.343435369649,0.75830464669,3.98728192951
7.04928896724,4.58160836356,4.19772047188,2.6598897645,2.34431183872,4.5096430712,5.01935325561,6.50556942438,0.503452551071,8.20800641065,6.20820381438,6.01621142795,2.04757656755,9.16715057589,6.72602142684,6.65972067426,3.28865457267,6.76328307308,6.09438974021,7.33602163792
9.00293727978,5.82641008984,0.134076284757,4.6130067002,5.6250620982,6.46728974564,2.56416716913,0.156109383018,3.38825314668,2.65399623046,3.74582714417,4.64359934731,7.14800716114,7.42787981689,6.74547557002,5.88686985393,1.90643826529,7.95725506529,7.39352064245,7.63464914878
2.26565432981,9.10391326414,1.18343022036,0.312148447074,1.69744433115,4.27741975519,7.36210099249,4.67407838667,1.00157829844,8.69508449671,4.39659978197,5.73414517428,3.95868233356,2.55202891003,6.70600832791,3.55294813118,2.76294559681,1.14660323866,1.50990768978,9.33676009134
2.9287210264,7.80085672,1.45300253246,3.52685142522,5.87345188311,5.30175022996,3.48347116788,7.95414320702,3.46200231493,1.03921908729,9.65453356411,8.03642501954,5.92412200362,2.92596243833,4.2355639546,2.96240560654,9.58623810938,3.54880396772,6.43939160665,7.11191414879
3.13539445346,7.01781984586,5.95455570299,9.04151179725,6.3103358757,0.264143522306,3.8654536789,3.29118540961,6.38940888548,1.35831058331,7.1667666821,7.49525049768,4.19819588141,0.709678645791,0.0487486201373,6.81584735638,8.52192786167,7.74424382567,9.98522817594,7.48310330352